﻿<?xml version="1.0" encoding="utf-8" ?>
<items>
  <item>
    <ItemId>+5 Dexterity Vest</ItemId>
    <SellIn>10</SellIn>
    <Quality>20</Quality>
    <ItemNum>1</ItemNum>
  </item>
  <item>
    <ItemId>Aged Brie</ItemId>
    <SellIn>2</SellIn>
    <Quality>0</Quality>
    <ItemNum>2</ItemNum>
  </item>
  <item>
    <ItemId>Elixir of the Mongoose</ItemId>
    <SellIn>5</SellIn>
    <Quality>7</Quality>
    <ItemNum>3</ItemNum>
  </item>
  <item>
    <ItemId>Sulfuras, Hand of Ragnaros</ItemId>
    <SellIn>0</SellIn>
    <Quality>80</Quality>
    <ItemNum>4</ItemNum>
  </item>
  <item>
    <ItemId>Sulfuras, Hand of Ragnaros</ItemId>
    <SellIn>-1</SellIn>
    <Quality>80</Quality>
    <ItemNum>5</ItemNum>
  </item>

<item>
    <ItemId>Backstage passes to a TAFKAL80ETC concert</ItemId>
    <SellIn>15</SellIn>
    <Quality>20</Quality>
    <ItemNum>6</ItemNum>
  </item>
  <item>
    <ItemId>Backstage passes to a TAFKAL80ETC concert</ItemId>
    <SellIn>10</SellIn>
    <Quality>49</Quality>
    <ItemNum>7</ItemNum>
  </item>
  <item>
    <ItemId>Backstage passes to a TAFKAL80ETC concert</ItemId>
    <SellIn>5</SellIn>
    <Quality>49</Quality>
    <ItemNum>8</ItemNum>
  </item>
  <item>
    <ItemId>Conjured Mana Cake</ItemId>
    <SellIn>3</SellIn>
    <Quality>6</Quality>
    <ItemNum>9</ItemNum>
  </item>
</items>
