﻿<Rules>
  <RulesCategory>
    <ItemNum>1</ItemNum>
    <MinQuality>0</MinQuality>
    <MaxQuality>50</MaxQuality>
    <AfterSellIn>-2</AfterSellIn>
    <BeforeSellIn>-1</BeforeSellIn>
    <mutateQuality>true</mutateQuality>
    <mutateSellIn>true</mutateSellIn>
  </RulesCategory>
  <RulesCategory>
    <ItemNum>2</ItemNum>
    <MinQuality>0</MinQuality>
    <MaxQuality>50</MaxQuality>
    <AfterSellIn>2</AfterSellIn>
    <BeforeSellIn>1</BeforeSellIn>
    <mutateQuality>true</mutateQuality>
    <mutateSellIn>true</mutateSellIn>
  </RulesCategory>
  <RulesCategory>
    <ItemNum>3</ItemNum>
    <MinQuality>0</MinQuality>
    <MaxQuality>50</MaxQuality>
    <AfterSellIn>-2</AfterSellIn>
    <BeforeSellIn>-1</BeforeSellIn>
    <mutateQuality>true</mutateQuality>
    <mutateSellIn>true</mutateSellIn>
  </RulesCategory>
  <RulesCategory>
    <ItemNum>4</ItemNum>
    <MinQuality>0</MinQuality>
    <MaxQuality>80</MaxQuality>
    <AfterSellIn>0</AfterSellIn>
    <BeforeSellIn>0</BeforeSellIn>
    <mutateQuality>false</mutateQuality>
    <mutateSellIn>false</mutateSellIn>
  </RulesCategory>
  <RulesCategory>
    <ItemNum>5</ItemNum>
    <MinQuality>0</MinQuality>
    <MaxQuality>80</MaxQuality>
    <AfterSellIn>0</AfterSellIn>
    <BeforeSellIn>0</BeforeSellIn>
    <mutateQuality>false</mutateQuality>
    <mutateSellIn>false</mutateSellIn>
  </RulesCategory>
  <RulesCategory>
    <ItemNum>6</ItemNum>
    <MinQuality>0</MinQuality>
    <MaxQuality>50</MaxQuality>
    <AfterSellIn>0</AfterSellIn>
    <BeforeSellIn>1</BeforeSellIn>
    <mutateQuality>true</mutateQuality>
    <mutateSellIn>true</mutateSellIn>
    <RulesItem>
      <Rule>
        <RuleId>1</RuleId>
        <MinQuality>0</MinQuality>
        <MaxQuality>50</MaxQuality>
        <LimitDays>10</LimitDays>
        <AfterSellIn>0</AfterSellIn>
        <BeforeSellIn>2</BeforeSellIn>
        <mutateQuality>true</mutateQuality>
        <mutateSellIn>true</mutateSellIn>
      </Rule>
      <Rule>
        <RuleId>2</RuleId>
        <MinQuality>0</MinQuality>
        <MaxQuality>50</MaxQuality>
        <LimitDays>5</LimitDays>
        <AfterSellIn>0</AfterSellIn>
        <BeforeSellIn>3</BeforeSellIn>
        <mutateQuality>true</mutateQuality>
        <mutateSellIn>true</mutateSellIn>
      </Rule>
      <Rule>
        <RuleId>3</RuleId>
        <MinQuality>0</MinQuality>
        <MaxQuality>50</MaxQuality>
        <LimitDays>0</LimitDays>
        <AfterSellIn>0</AfterSellIn>
        <BeforeSellIn>0</BeforeSellIn>
        <mutateQuality>true</mutateQuality>
        <mutateSellIn>true</mutateSellIn>
      </Rule>
    </RulesItem>
  </RulesCategory>
  <RulesCategory>
    <ItemNum>7</ItemNum>
    <MinQuality>0</MinQuality>
    <MaxQuality>50</MaxQuality>
    <AfterSellIn>0</AfterSellIn>
    <BeforeSellIn>1</BeforeSellIn>
    <mutateQuality>true</mutateQuality>
    <mutateSellIn>true</mutateSellIn>
    <RulesItem>
      <Rule>
        <RuleId>1</RuleId>
        <MinQuality>0</MinQuality>
        <MaxQuality>50</MaxQuality>
        <LimitDays>10</LimitDays>
        <AfterSellIn>0</AfterSellIn>
        <BeforeSellIn>2</BeforeSellIn>
        <mutateQuality>true</mutateQuality>
        <mutateSellIn>true</mutateSellIn>
      </Rule>
      <Rule>
        <RuleId>2</RuleId>
        <MinQuality>0</MinQuality>
        <MaxQuality>50</MaxQuality>
        <LimitDays>5</LimitDays>
        <AfterSellIn>0</AfterSellIn>
        <BeforeSellIn>3</BeforeSellIn>
        <mutateQuality>true</mutateQuality>
        <mutateSellIn>true</mutateSellIn>
      </Rule>
      <Rule>
        <RuleId>3</RuleId>
        <MinQuality>0</MinQuality>
        <MaxQuality>50</MaxQuality>
        <LimitDays>0</LimitDays>
        <AfterSellIn>0</AfterSellIn>
        <BeforeSellIn>0</BeforeSellIn>
        <mutateQuality>true</mutateQuality>
        <mutateSellIn>true</mutateSellIn>
      </Rule>
    </RulesItem>
  </RulesCategory>
  <RulesCategory>
    <ItemNum>8</ItemNum>
    <MinQuality>0</MinQuality>
    <MaxQuality>50</MaxQuality>
    <AfterSellIn>0</AfterSellIn>
    <BeforeSellIn>1</BeforeSellIn>
    <mutateQuality>true</mutateQuality>
    <mutateSellIn>true</mutateSellIn>
    <RulesItem>
      <Rule>
        <RuleId>1</RuleId>
        <MinQuality>0</MinQuality>
        <MaxQuality>50</MaxQuality>
        <LimitDays>10</LimitDays>
        <AfterSellIn>0</AfterSellIn>
        <BeforeSellIn>2</BeforeSellIn>
        <mutateQuality>true</mutateQuality>
        <mutateSellIn>true</mutateSellIn>
      </Rule>
      <Rule>
        <RuleId>2</RuleId>
        <MinQuality>0</MinQuality>
        <MaxQuality>50</MaxQuality>
        <LimitDays>5</LimitDays>
        <AfterSellIn>0</AfterSellIn>
        <BeforeSellIn>3</BeforeSellIn>
        <mutateQuality>true</mutateQuality>
        <mutateSellIn>true</mutateSellIn>
      </Rule>
      <Rule>
        <RuleId>3</RuleId>
        <MinQuality>0</MinQuality>
        <MaxQuality>50</MaxQuality>
        <LimitDays>0</LimitDays>
        <AfterSellIn>0</AfterSellIn>
        <BeforeSellIn>0</BeforeSellIn>
        <mutateQuality>true</mutateQuality>
        <mutateSellIn>true</mutateSellIn>
      </Rule>
    </RulesItem>
  </RulesCategory>
  <RulesCategory>
    <ItemNum>9</ItemNum>
    <MinQuality>0</MinQuality>
    <MaxQuality>50</MaxQuality>
    <AfterSellIn>4</AfterSellIn>
    <BeforeSellIn>0</BeforeSellIn>
    <mutateQuality>true</mutateQuality>
    <mutateSellIn>true</mutateSellIn>
  </RulesCategory>
</Rules>
